,,,,,,,Playing Time,,,,Performance,,,,,,,,Per 90 Minutes,,,,,
Rk,Player,Nation,Pos,Squad,Age,Born,MP,Starts,Min,90s,Gls,Ast,G+A,G-PK,PK,PKatt,CrdY,CrdR,Gls,Ast,G+A,G-PK,G+A-PK,Matches
1,Nelson Abbey,eng ENG,DF,Rio Ave,22-356,2003,2,2,180,2.0,0,0,0,0,0,0,1,0,0.00,0.00,0.00,0.00,0.00,Matches
2,Umar Abubakar,ng NGA,FW,Famalicão,20-185,2006,2,0,23,0.3,0,0,0,0,0,0,0,0,0.00,0.00,0.00,0.00,0.00,Matches
3,Miguel Almeida Patrício,pt POR,MF,Rio Ave,19-204,2007,1,0,8,0.1,0,0,0,0,0,0,0,0,0.00,0.00,0.00,0.00,0.00,Matches
4,Sergi Altimira,es ESP,MF,Sporting CP,24-359,2001,2,2,180,2.0,1,0,1,1,0,0,1,0,0.50,0.00,0.50,0.50,0.50,Matches
5,Samuel Alves,br BRA,FW,Rio Ave,18-142,2008,1,0,8,0.1,0,0,0,0,0,0,0,0,0.00,0.00,0.00,0.00,0.00,Matches
6,Silas Andersen,dk DEN,MF,Sporting CP,22-067,2004,1,0,30,0.3,0,0,0,0,0,0,0,0,0.00,0.00,0.00,0.00,0.00,Matches
7,Rodri Andrade,pt POR,MF,Marítimo,24-268,2001,2,2,177,2.0,0,0,0,0,0,0,0,0,0.00,0.00,0.00,0.00,0.00,Matches
8,Leandro Antonetti,pr PUR,FW,Estrela,23-218,2003,2,2,175,1.9,2,0,2,2,0,0,0,0,01.03,0.00,01.03,01.03,01.03,Matches
9,Óscar Aranda,es ESP,MF,Famalicão,24-112,2002,2,1,59,0.7,0,1,1,0,0,0,0,0,0.00,1.53,1.53,0.00,1.53,Matches
10,Henrique Araújo,pt POR,FW,Casa Pia,24-212,2002,2,2,166,1.8,0,0,0,0,0,0,0,0,0.00,0.00,0.00,0.00,0.00,Matches
11,Maxi Araújo,uy URU,DF,Sporting CP,26-185,2000,1,1,90,1.0,0,0,0,0,0,0,0,0,0.00,0.00,0.00,0.00,0.00,Matches
12,Tomás Araújo,pt POR,DF,Benfica,24-095,2002,2,2,148,1.6,0,0,0,0,0,0,1,0,0.00,0.00,0.00,0.00,0.00,Matches
13,Telmo Arcanjo,cv CPV,MF,Vit. Guimarães,25-059,2001,1,0,21,0.2,0,0,0,0,0,0,0,0,0.00,0.00,0.00,0.00,0.00,Matches
14,Bright Arrey-Mbi,de GER,DF,Braga,23-146,2003,1,1,41,0.5,0,0,0,0,0,0,0,0,0.00,0.00,0.00,0.00,0.00,Matches
15,Israel Ayuma,ng NGA,MF,Marítimo,21-011,2005,1,0,3,0.0,0,0,0,0,0,0,0,0,0.00,0.00,0.00,0.00,0.00,Matches
16,Miguel Baeza,es ESP,"MF,FW",Nacional,26-145,2000,2,2,136,1.5,1,0,1,1,0,0,0,0,0.66,0.00,0.66,0.66,0.66,Matches
17,Alexander Bah,dk DEN,DF,Benfica,28-253,1997,2,2,171,1.9,0,1,1,0,0,0,0,0,0.00,0.53,0.53,0.00,0.53,Matches
18,Adrian Bajrami,ch SUI,DF,Braga,24-136,2002,1,0,49,0.5,0,0,0,0,0,0,0,0,0.00,0.00,0.00,0.00,0.00,Matches
19,Thiago Balieiro,br BRA,DF,Vit. Guimarães,23-177,2003,2,2,180,2.0,0,0,0,0,0,0,1,0,0.00,0.00,0.00,0.00,0.00,Matches
20,Samuel Bamba,de GER,FW,Marítimo,22-187,2004,2,0,27,0.3,0,0,0,0,0,0,0,0,0.00,0.00,0.00,0.00,0.00,Matches
21,Barbero,es ESP,FW,Arouca,28-002,1998,2,2,122,1.4,2,0,2,2,0,0,1,0,1.48,0.00,1.48,1.48,1.48,Matches
22,Pedro Barcelos,br BRA,DF,Acad. Viseu,30-212,1996,2,0,63,0.7,0,0,0,0,0,0,0,0,0.00,0.00,0.00,0.00,0.00,Matches
23,Leandro Barreiro Martins,lu LUX,MF,Benfica,26-228,2000,2,2,165,1.8,0,1,1,0,0,0,0,0,0.00,0.55,0.55,0.00,0.55,Matches
24,Enzo Barrenechea,ar ARG,MF,Benfica,25-089,2001,2,2,156,1.7,0,1,1,0,0,0,0,0,0.00,0.58,0.58,0.00,0.58,Matches
25,Steven Baseya,fr FRA,DF,Alverca,21-217,2005,2,2,180,2.0,0,0,0,0,0,0,0,0,0.00,0.00,0.00,0.00,0.00,Matches
Rk,Player,Nation,Pos,Squad,Age,Born,MP,Starts,Min,90s,Gls,Ast,G+A,G-PK,PK,PKatt,CrdY,CrdR,Gls,Ast,G+A,G-PK,G+A-PK,Matches
26,Gil Bastião Dias,pt POR,MF,Famalicão,29-325,1996,2,1,121,1.3,0,1,1,0,0,0,0,0,0.00,0.74,0.74,0.00,0.74,Matches
27,Gilberto Batista,gw GNB,DF,Moreirense,22-233,2003,2,2,180,2.0,0,0,0,0,0,0,1,0,0.00,0.00,0.00,0.00,0.00,Matches
28,Jan Bednarek,pl POL,DF,Porto,30-129,1996,2,2,180,2.0,0,0,0,0,0,0,0,0,0.00,0.00,0.00,0.00,0.00,Matches
29,Yanis Begraoui,ma MAR,FW,Estoril,25-046,2001,2,2,180,2.0,1,0,1,1,0,0,0,0,0.50,0.00,0.50,0.50,0.50,Matches
30,Roméo Beney,ch SUI,FW,Famalicão,21-212,2005,2,0,20,0.2,0,0,0,0,0,0,1,0,0.00,0.00,0.00,0.00,0.00,Matches
31,Beni,ao ANG,MF,Vit. Guimarães,24-090,2002,2,2,135,1.5,0,0,0,0,0,0,0,0,0.00,0.00,0.00,0.00,0.00,Matches
32,Diogo Bezerra,br BRA,"MF,FW",Rio Ave,24-034,2002,2,2,172,1.9,0,0,0,0,0,0,0,0,0.00,0.00,0.00,0.00,0.00,Matches
33,Lorougnon Biagne,ci CIV,FW,Acad. Viseu,22-009,2004,2,0,34,0.4,0,0,0,0,0,0,0,0,0.00,0.00,0.00,0.00,0.00,Matches
34,Jalen Blesa,es ESP,FW,Rio Ave,25-195,2001,2,2,171,1.9,0,0,0,0,0,0,0,0,0.00,0.00,0.00,0.00,0.00,Matches
35,Maurice Boakye,de GER,MF,Marítimo,21-352,2004,2,0,22,0.2,1,0,1,1,0,0,0,0,04.09,0.00,04.09,04.09,04.09,Matches
36,Yaya Bojang,gm GAM,DF,Alverca,21-343,2004,2,2,149,1.7,0,0,0,0,0,0,1,0,0.00,0.00,0.00,0.00,0.00,Matches
37,Pedro Bondo,ao ANG,DF,Famalicão,21-276,2004,2,2,135,1.5,0,0,0,0,0,0,0,0,0.00,0.00,0.00,0.00,0.00,Matches
38,Kiko Bondoso,pt POR,"FW,MF",Moreirense,30-275,1995,2,0,60,0.7,0,0,0,0,0,0,0,0,0.00,0.00,0.00,0.00,0.00,Matches
39,Daniel Borges,br BRA,MF,Santa Clara,23-135,2003,2,2,158,1.8,0,0,0,0,0,0,1,0,0.00,0.00,0.00,0.00,0.00,Matches
40,Mohamed Bouzaidi Diouri,ma MAR,"MF,FW",Marítimo,26-276,1999,2,2,160,1.8,1,0,1,1,0,0,0,0,0.56,0.00,0.56,0.56,0.56,Matches
41,Jakub Brabec,cz CZE,DF,Rio Ave,34-013,1992,1,0,8,0.1,0,0,0,0,0,0,1,0,0.00,0.00,0.00,0.00,0.00,Matches
42,Finn van Breemen,nl NED,DF,Famalicão,23-175,2003,2,2,180,2.0,1,0,1,1,0,0,1,0,0.50,0.00,0.50,0.50,0.50,Matches
43,Tiago Brito,pt POR,DF,Estoril,22-125,2004,2,0,32,0.4,0,0,0,0,0,0,0,0,0.00,0.00,0.00,0.00,0.00,Matches
44,Jonathan Buatu,ao ANG,DF,Gil Vicente FC,32-326,1993,1,1,90,1.0,0,0,0,0,0,0,0,0,0.00,0.00,0.00,0.00,0.00,Matches
45,Adrián Butzke,es ESP,FW,Marítimo,27-142,1999,2,2,158,1.8,0,0,0,0,0,0,1,0,0.00,0.00,0.00,0.00,0.00,Matches
46,Diogo Calila,mz MOZ,DF,Santa Clara,27-313,1998,2,2,174,1.9,0,1,1,0,0,0,0,0,0.00,0.52,0.52,0.00,0.52,Matches
47,Oumar Camara,fr FRA,MF,Vit. Guimarães,19-100,2007,2,2,114,1.3,0,0,0,0,0,0,1,0,0.00,0.00,0.00,0.00,0.00,Matches
48,Lazar Carević,me MNE,GK,Famalicão,27-156,1999,2,2,180,2.0,0,0,0,0,0,0,0,0,0.00,0.00,0.00,0.00,0.00,Matches
49,Zé Carlos,pt POR,MF,Gil Vicente FC,24-293,2001,1,0,26,0.3,0,0,0,0,0,0,0,0,0.00,0.00,0.00,0.00,0.00,Matches
50,João Carvalho,pt POR,MF,Estoril,29-163,1997,2,2,180,2.0,0,0,0,0,0,0,0,0,0.00,0.00,0.00,0.00,0.00,Matches
Rk,Player,Nation,Pos,Squad,Age,Born,MP,Starts,Min,90s,Gls,Ast,G+A,G-PK,PK,PKatt,CrdY,CrdR,Gls,Ast,G+A,G-PK,G+A-PK,Matches
51,Pedro Carvalho,pt POR,MF,Estoril,23-186,2003,2,0,41,0.5,0,1,1,0,0,0,0,0,0.00,2.20,2.20,0.00,2.20,Matches
52,Vitor Carvalho,br BRA,DF,Braga,29-084,1997,1,1,90,1.0,0,1,1,0,0,0,0,0,0.00,1.00,1.00,0.00,1.00,Matches
53,Facundo Cáseres,ar ARG,MF,Gil Vicente FC,25-083,2001,1,1,64,0.7,0,0,0,0,0,0,1,0,0.00,0.00,0.00,0.00,0.00,Matches
54,Geny Catamo,mz MOZ,MF,Sporting CP,25-205,2001,2,2,142,1.6,0,2,2,0,0,0,1,0,0.00,1.27,1.27,0.00,1.27,Matches
55,André Ceitil,pt POR,DF,Acad. Viseu,31-161,1995,1,0,28,0.3,0,0,0,0,0,0,1,0,0.00,0.00,0.00,0.00,0.00,Matches
56,Tidjany Chabrol,fr FRA,MF,Gil Vicente FC,24-035,2002,1,0,14,0.2,0,0,0,0,0,0,0,0,0.00,0.00,0.00,0.00,0.00,Matches
57,Chiquinho,pt POR,"MF,FW",Alverca,26-195,2000,2,2,163,1.8,0,0,0,0,0,0,1,1,0.00,0.00,0.00,0.00,0.00,Matches
58,Francisco Chissumba,pt POR,DF,Alverca,21-082,2005,2,0,47,0.5,0,0,0,0,0,0,0,0,0.00,0.00,0.00,0.00,0.00,Matches
59,André Clóvis,br BRA,FW,Acad. Viseu,28-271,1997,2,2,142,1.6,1,0,1,1,0,0,0,0,0.63,0.00,0.63,0.63,0.63,Matches
60,Silvi Clúa,es ESP,MF,Casa Pia,21-202,2005,2,0,38,0.4,0,0,0,0,0,0,0,0,0.00,0.00,0.00,0.00,0.00,Matches
61,Abdu Conté,pt POR,DF,Casa Pia,28-148,1998,2,2,155,1.7,0,0,0,0,0,0,0,0,0.00,0.00,0.00,0.00,0.00,Matches
62,Anthony Correia,fr FRA,DF,Acad. Viseu,26-347,1999,2,2,180,2.0,0,0,0,0,0,0,1,0,0.00,0.00,0.00,0.00,0.00,Matches
63,Romain Correia,pt POR,DF,Marítimo,26-347,1999,2,2,180,2.0,0,0,0,0,0,0,0,0,0.00,0.00,0.00,0.00,0.00,Matches
64,Alberto costa,pt POR,DF,Porto,22-324,2003,1,0,21,0.2,0,0,0,0,0,0,0,0,0.00,0.00,0.00,0.00,0.00,Matches
65,Diogo Costa,pt POR,GK,Porto,26-334,1999,2,2,180,2.0,0,0,0,0,0,0,0,0,0.00,0.00,0.00,0.00,0.00,Matches
66,Gonçalo Costa,pt POR,DF,Estoril,26-182,2000,1,0,16,0.2,0,0,0,0,0,0,0,0,0.00,0.00,0.00,0.00,0.00,Matches
67,Michael DaCosta,es ESP,FW,Moreirense,21-167,2005,1,0,6,0.1,0,0,0,0,0,0,0,0,0.00,0.00,0.00,0.00,0.00,Matches
68,Samuel Dahl,se SWE,DF,Benfica,23-168,2003,2,2,180,2.0,0,0,0,0,0,0,0,0,0.00,0.00,0.00,0.00,0.00,Matches
69,Vladan Danilović,ba BIH,MF,Marítimo,27-023,1999,2,2,176,2.0,0,0,0,0,0,0,0,0,0.00,0.00,0.00,0.00,0.00,Matches
70,Mathias De Amorim,pt POR,MF,Famalicão,21-252,2004,2,2,180,2.0,0,0,0,0,0,0,0,0,0.00,0.00,0.00,0.00,0.00,Matches
71,Ignacio De Arruabarrena,uy URU,GK,Arouca,29-215,1997,2,2,180,2.0,0,0,0,0,0,0,1,0,0.00,0.00,0.00,0.00,0.00,Matches
72,Amar Dedić,ba BIH,DF,Benfica,24-001,2002,1,0,9,0.1,0,0,0,0,0,0,0,0,0.00,0.00,0.00,0.00,0.00,Matches
73,Deivison,br BRA,MF,Nacional,20-107,2006,2,0,36,0.4,0,0,0,0,0,0,0,0,0.00,0.00,0.00,0.00,0.00,Matches
74,Ennio van der Gouw,nl NED,GK,Rio Ave,25-230,2001,2,2,180,2.0,0,0,0,0,0,0,0,0,0.00,0.00,0.00,0.00,0.00,Matches
75,Jesse Derry,eng ENG,FW,Sporting CP,19-050,2007,2,0,25,0.3,0,0,0,0,0,0,1,0,0.00,0.00,0.00,0.00,0.00,Matches
Rk,Player,Nation,Pos,Squad,Age,Born,MP,Starts,Min,90s,Gls,Ast,G+A,G-PK,PK,PKatt,CrdY,CrdR,Gls,Ast,G+A,G-PK,G+A-PK,Matches
76,Matheus Dias,br BRA,DF,Nacional,24-102,2002,2,2,155,1.7,0,0,0,0,0,0,1,0,0.00,0.00,0.00,0.00,0.00,Matches
77,Rodrigo Dias,pt POR,DF,Sporting CP,21-038,2005,1,1,90,1.0,0,0,0,0,0,0,0,0,0.00,0.00,0.00,0.00,0.00,Matches
78,Naïs Djouahra,fr FRA,MF,Arouca,26-269,1999,2,2,180,2.0,0,3,3,0,0,0,0,0,0.00,1.50,1.50,0.00,1.50,Matches
79,Mario Dorgelès,ci CIV,FW,Braga,22-012,2004,1,1,56,0.6,0,0,0,0,0,0,0,0,0.00,0.00,0.00,0.00,0.00,Matches
80,Lohann Doucet,bf BFA,MF,Vit. Guimarães,23-339,2002,2,0,46,0.5,0,0,0,0,0,0,0,0,0.00,0.00,0.00,0.00,0.00,Matches
81,Gueladan Doué,ci CIV,MF,Estrela,20-251,2005,2,2,180,2.0,0,0,0,0,0,0,2,0,0.00,0.00,0.00,0.00,0.00,Matches
82,Issa Doumbia,it ITA,MF,Sporting CP,22-307,2003,2,2,171,1.9,0,0,0,0,0,0,0,0,0.00,0.00,0.00,0.00,0.00,Matches
83,Afonso Duarte,pt POR,MF,Santa Clara,20-348,2005,1,0,28,0.3,0,0,0,0,0,0,0,0,0.00,0.00,0.00,0.00,0.00,Matches
84,Jáder Durán,co COL,FW,Benfica,22-249,2003,2,0,41,0.5,1,0,1,1,0,0,0,0,2.20,0.00,2.20,2.20,2.20,Matches
85,Carlos Eduardo,br BRA,FW,Gil Vicente FC,24-009,2002,1,1,90,1.0,0,0,0,0,0,0,0,0,0.00,0.00,0.00,0.00,0.00,Matches
86,Espen van Ee,nl NED,MF,Arouca,23-045,2003,2,2,148,1.6,0,0,0,0,0,0,0,0,0.00,0.00,0.00,0.00,0.00,Matches
87,Demir Ege Tıknaz,tr TUR,MF,Braga,22-002,2004,1,1,89,1.0,0,1,1,0,0,0,0,0,0.00,01.01,01.01,0.00,01.01,Matches
88,Marvin Elimbi,fr FRA,DF,Gil Vicente FC,23-180,2003,1,1,90,1.0,0,0,0,0,0,0,0,0,0.00,0.00,0.00,0.00,0.00,Matches
89,Jefferson Encada,gw GNB,DF,Estrela,28-124,1998,2,1,80,0.9,0,0,0,0,0,0,0,0,0.00,0.00,0.00,0.00,0.00,Matches
90,Ricardo Esgaio,pt POR,DF,Gil Vicente FC,33-095,1993,1,1,90,1.0,0,0,0,0,0,0,0,0,0.00,0.00,0.00,0.00,0.00,Matches
91,Tiago Esgaio,pt POR,DF,Arouca,31-018,1995,2,2,180,2.0,0,0,0,0,0,0,0,0,0.00,0.00,0.00,0.00,0.00,Matches
92,Marco Essimi Ateba,fr FRA,FW,Alverca,27-182,1999,2,0,20,0.2,0,0,0,0,0,0,0,0,0.00,0.00,0.00,0.00,0.00,Matches
93,Stephen Eustáquio,ca CAN,MF,Porto,29-241,1996,1,0,2,0.0,0,0,0,0,0,0,0,0,0.00,0.00,0.00,0.00,0.00,Matches
94,Ewerton,br BRA,GK,Acad. Viseu,28-104,1998,2,2,180,2.0,0,0,0,0,0,0,0,0,0.00,0.00,0.00,0.00,0.00,Matches
95,Emanuel Fernandes,pt POR,DF,Santa Clara,23-149,2003,1,1,90,1.0,0,0,0,0,0,0,0,0,0.00,0.00,0.00,0.00,0.00,Matches
96,Joelson Fernandes,pt POR,MF,Gil Vicente FC,23-172,2003,1,1,90,1.0,0,0,0,0,0,0,0,0,0.00,0.00,0.00,0.00,0.00,Matches
97,Martim Fernandes,pt POR,DF,Porto,20-213,2006,1,1,73,0.8,0,0,0,0,0,0,0,0,0.00,0.00,0.00,0.00,0.00,Matches
98,Rafael Fernandes,pt POR,DF,Marítimo,24-052,2002,2,2,180,2.0,0,0,0,0,0,0,0,0,0.00,0.00,0.00,0.00,0.00,Matches
99,Fernando,br BRA,FW,Santa Clara,21-129,2005,2,0,39,0.4,0,0,0,0,0,0,0,0,0.00,0.00,0.00,0.00,0.00,Matches
100,André Ferreira,pt POR,GK,Moreirense,30-082,1996,2,2,180,2.0,0,0,0,0,0,0,0,0,0.00,0.00,0.00,0.00,0.00,Matches
Rk,Player,Nation,Pos,Squad,Age,Born,MP,Starts,Min,90s,Gls,Ast,G+A,G-PK,PK,PKatt,CrdY,CrdR,Gls,Ast,G+A,G-PK,G+A-PK,Matches
101,Cristian Ferreira,ar ARG,MF,Acad. Viseu,26-341,1999,2,0,34,0.4,0,0,0,0,0,0,0,0,0.00,0.00,0.00,0.00,0.00,Matches
102,Pedro Ferreira,pt POR,MF,Santa Clara,28-226,1998,2,2,180,2.0,0,0,0,0,0,0,0,0,0.00,0.00,0.00,0.00,0.00,Matches
103,Figueiredo,br BRA,"MF,FW",Alverca,25-005,2001,2,2,168,1.9,0,0,0,0,0,0,0,0,0.00,0.00,0.00,0.00,0.00,Matches
104,Mateo Flores,es ESP,DF,Arouca,22-134,2004,2,1,75,0.8,0,0,0,0,0,0,0,0,0.00,0.00,0.00,0.00,0.00,Matches
105,José Fontán,es ESP,DF,Arouca,26-189,2000,2,2,180,2.0,1,0,1,1,0,0,0,0,0.50,0.00,0.50,0.50,0.50,Matches
106,Bernardo Fontes,br BRA,GK,Braga,24-027,2002,1,1,90,1.0,0,0,0,0,0,0,0,0,0.00,0.00,0.00,0.00,0.00,Matches
107,Lucas França,br BRA,GK,Santa Clara,30-212,1996,2,2,180,2.0,0,0,0,0,0,0,0,0,0.00,0.00,0.00,0.00,0.00,Matches
108,Iván Fresneda,es ESP,DF,Sporting CP,21-325,2004,2,0,21,0.2,0,0,0,0,0,0,0,0,0.00,0.00,0.00,0.00,0.00,Matches
109,Victor Froholdt,dk DEN,MF,Porto,20-175,2006,2,2,180,2.0,0,0,0,0,0,0,0,0,0.00,0.00,0.00,0.00,0.00,Matches
110,Taichi Fukui,jp JPN,MF,Arouca,22-035,2004,2,2,168,1.9,0,0,0,0,0,0,0,0,0.00,0.00,0.00,0.00,0.00,Matches
111,Roland Galcik,sk SVK,MF,Rio Ave,25-020,2001,2,2,107,1.2,0,0,0,0,0,0,0,0,0.00,0.00,0.00,0.00,0.00,Matches
112,Fabrício Garcia,cv CPV,FW,Estoril,25-107,2001,2,0,53,0.6,0,0,0,0,0,0,0,0,0.00,0.00,0.00,0.00,0.00,Matches
113,Santiago García,es ESP,MF,Gil Vicente FC,24-355,2001,1,1,90,1.0,0,0,0,0,0,0,0,0,0.00,0.00,0.00,0.00,0.00,Matches
114,Wesley Gasolina,br BRA,MF,Nacional,26-159,2000,2,2,162,1.8,0,0,0,0,0,0,1,0,0.00,0.00,0.00,0.00,0.00,Matches
115,Stavros Gavriel,cy CYP,MF,Nacional,24-202,2002,2,0,44,0.5,0,0,0,0,0,0,0,0,0.00,0.00,0.00,0.00,0.00,Matches
116,André Geraldes,pt POR,DF,Casa Pia,35-109,1991,2,2,180,2.0,0,0,0,0,0,0,0,0,0.00,0.00,0.00,0.00,0.00,Matches
117,André Gomes,pt POR,GK,Casa Pia,21-303,2004,2,2,180,2.0,0,0,0,0,0,0,0,0,0.00,0.00,0.00,0.00,0.00,Matches
118,William Gomes,br BRA,FW,Porto,20-157,2006,2,2,122,1.4,0,0,0,0,0,0,0,0,0.00,0.00,0.00,0.00,0.00,Matches
119,Victor Gomez,es ESP,"DF,MF",Braga,26-140,2000,1,0,45,0.5,0,0,0,0,0,0,0,0,0.00,0.00,0.00,0.00,0.00,Matches
120,Flávio Gonçalves,pt POR,MF,Sporting CP,19-081,2007,2,2,125,1.4,1,0,1,1,0,0,0,0,0.72,0.00,0.72,0.72,0.72,Matches
121,Jean Gorby,fr FRA,MF,Braga,24-025,2002,1,1,90,1.0,0,0,0,0,0,0,0,0,0.00,0.00,0.00,0.00,0.00,Matches
122,João Goulart Silva,pt POR,DF,Casa Pia,26-204,2000,2,2,169,1.9,0,0,0,0,0,0,0,0,0.00,0.00,0.00,0.00,0.00,Matches
123,Pablo Gozalbez,es ESP,MF,Arouca,25-111,2001,2,0,40,0.4,0,0,0,0,0,0,0,0,0.00,0.00,0.00,0.00,0.00,Matches
124,Davy Gui,ci CIV,MF,Alverca,20-065,2006,2,2,148,1.6,0,0,0,0,0,0,1,0,0.00,0.00,0.00,0.00,0.00,Matches
125,João Guilherme,br BRA,"MF,FW",Acad. Viseu,25-293,2000,2,2,180,2.0,0,0,0,0,0,0,0,0,0.00,0.00,0.00,0.00,0.00,Matches
Rk,Player,Nation,Pos,Squad,Age,Born,MP,Starts,Min,90s,Gls,Ast,G+A,G-PK,PK,PKatt,CrdY,CrdR,Gls,Ast,G+A,G-PK,G+A-PK,Matches
126,Luis Guilherme,br BRA,MF,Sporting CP,20-191,2006,2,0,38,0.4,0,0,0,0,0,0,0,0,0.00,0.00,0.00,0.00,0.00,Matches
127,Ryan Guilherme,br BRA,MF,Rio Ave,23-255,2002,1,1,25,0.3,0,0,0,0,0,0,0,0,0.00,0.00,0.00,0.00,0.00,Matches
128,Rafik Guitane,fr FRA,MF,Estoril,27-085,1999,2,2,152,1.7,0,0,0,0,0,0,0,0,0.00,0.00,0.00,0.00,0.00,Matches
129,Deniz Gül,tr TUR,FW,Porto,22-048,2004,2,1,74,0.8,0,0,0,0,0,0,0,0,0.00,0.00,0.00,0.00,0.00,Matches
130,Raphael Guzzo,pt POR,MF,Marítimo,31-225,1995,2,2,179,2.0,1,0,1,1,0,0,1,0,0.50,0.00,0.50,0.50,0.50,Matches
131,Héctor,es ESP,"DF,FW",Gil Vicente FC,30-339,1995,1,0,15,0.2,1,0,1,0,1,1,0,0,6.00,0.00,6.00,0.00,0.00,Matches
132,Paulo Henrique,pt POR,DF,Marítimo,29-300,1996,2,2,180,2.0,0,0,0,0,0,0,0,0,0.00,0.00,0.00,0.00,0.00,Matches
133,Sydney van Hooijdonk,nl NED,FW,Estrela,26-194,2000,2,0,5,0.1,0,0,0,0,0,0,0,0,0.00,0.00,0.00,0.00,0.00,Matches
134,Ricardo Horta,pt POR,FW,Braga,31-338,1994,1,1,56,0.6,0,0,0,0,0,0,0,0,0.00,0.00,0.00,0.00,0.00,Matches
135,Denis Huseinbasic,ba BIH,MF,Braga,25-047,2001,1,0,34,0.4,0,0,0,0,0,0,0,0,0.00,0.00,0.00,0.00,0.00,Matches
136,Lee Hyunju,kr KOR,MF,Arouca,23-193,2003,2,2,140,1.6,0,1,1,0,0,0,1,0,0.00,0.64,0.64,0.00,0.64,Matches
137,Hwang In-beom,kr KOR,MF,Porto,29-333,1996,1,0,25,0.3,0,1,1,0,0,0,0,0,0.00,3.60,3.60,0.00,3.60,Matches
138,Gonçalo Inácio,pt POR,DF,Sporting CP,24-359,2001,2,2,180,2.0,0,0,0,0,0,0,1,0,0.00,0.00,0.00,0.00,0.00,Matches
139,Fotis Ioannidis,gr GRE,FW,Sporting CP,26-221,2000,2,2,134,1.5,2,2,4,2,0,0,0,0,1.34,1.34,2.69,1.34,2.69,Matches
140,Mateus Iseppe,br BRA,MF,Nacional,20-109,2006,1,0,11,0.1,0,0,0,0,0,0,0,0,0.00,0.00,0.00,0.00,0.00,Matches
141,Isaac James,ng NGA,MF,Alverca,21-356,2004,2,2,164,1.8,0,1,1,0,0,0,0,0,0.00,0.55,0.55,0.00,0.55,Matches
142,Alassana Jatta,gm GAM,FW,Casa Pia,27-219,1999,2,0,45,0.5,0,0,0,0,0,0,1,0,0.00,0.00,0.00,0.00,0.00,Matches
143,Markus Jensen,dk DEN,MF,Nacional,21-035,2005,2,2,169,1.9,0,0,0,0,0,0,0,0,0.00,0.00,0.00,0.00,0.00,Matches
144,Alisson Jesus,br BRA,FW,Estrela,21-130,2005,1,0,2,0.0,0,0,0,0,0,0,0,0,0.00,0.00,0.00,0.00,0.00,Matches
145,Nile John,eng ENG,MF,Moreirense,23-166,2003,2,2,164,1.8,1,0,1,1,0,0,2,0,0.55,0.00,0.55,0.55,0.55,Matches
146,Igor Julião,br BRA,DF,Marítimo,31-361,1994,2,2,180,2.0,0,0,0,0,0,0,1,0,0.00,0.00,0.00,0.00,0.00,Matches
147,Daniel Júnior,br BRA,"MF,FW",Nacional,24-102,2002,2,2,159,1.8,0,1,1,0,0,0,0,0,0.00,0.57,0.57,0.00,0.57,Matches
148,Cihan Kahraman,tr TUR,MF,Acad. Viseu,27-315,1998,2,2,146,1.6,0,1,1,0,0,0,0,0,0.00,0.62,0.62,0.00,0.62,Matches
149,Zakaria Kassary,ma MAR,MF,Alverca,20-206,2006,1,0,17,0.2,0,0,0,0,0,0,0,0,0.00,0.00,0.00,0.00,0.00,Matches
150,Khaly,ao ANG,DF,Casa Pia,22-265,2003,2,0,24,0.3,0,0,0,0,0,0,2,1,0.00,0.00,0.00,0.00,0.00,Matches
Rk,Player,Nation,Pos,Squad,Age,Born,MP,Starts,Min,90s,Gls,Ast,G+A,G-PK,PK,PKatt,CrdY,CrdR,Gls,Ast,G+A,G-PK,G+A-PK,Matches
151,Kiko,pt POR,DF,Moreirense,24-125,2002,2,2,180,2.0,0,0,0,0,0,0,1,0,0.00,0.00,0.00,0.00,0.00,Matches
152,Jakub Kiwior,pl POL,DF,Porto,26-185,2000,2,2,180,2.0,0,0,0,0,0,0,0,0,0.00,0.00,0.00,0.00,0.00,Matches
153,Georgios Koutsias,gr GRE,FW,Famalicão,22-192,2004,2,2,157,1.7,1,0,1,1,0,0,0,0,0.57,0.00,0.57,0.57,0.57,Matches
154,Daniel de la Cruz,ec ECU,DF,Nacional,22-166,2004,2,0,28,0.3,0,0,0,0,0,0,0,0,0.00,0.00,0.00,0.00,0.00,Matches
155,André Lacximicant,pt POR,MF,Estoril,25-092,2001,2,2,127,1.4,0,0,0,0,0,0,0,0,0.00,0.00,0.00,0.00,0.00,Matches
156,Gustaf Lagerbielke,se SWE,DF,Braga,26-131,2000,1,1,90,1.0,0,0,0,0,0,0,0,0,0.00,0.00,0.00,0.00,0.00,Matches
157,Landerson,br BRA,"MF,FW",Moreirense,19-250,2006,2,2,152,1.7,0,0,0,0,0,0,0,0,0.00,0.00,0.00,0.00,0.00,Matches
158,Orest Lebedenko,ua UKR,DF,Arouca,27-330,1998,2,1,116,1.3,0,0,0,0,0,0,1,0,0.00,0.00,0.00,0.00,0.00,Matches
159,Stefan Lekovic,rs SRB,DF,Estrela,22-222,2004,1,1,90,1.0,0,0,0,0,0,0,1,0,0.00,0.00,0.00,0.00,0.00,Matches
160,Clément Lenglet,fr FRA,DF,Benfica,31-063,1995,2,2,180,2.0,0,0,0,0,0,0,0,0,0.00,0.00,0.00,0.00,0.00,Matches
161,Georgios Liavas,gr GRE,DF,Rio Ave,25-188,2001,2,2,172,1.9,0,0,0,0,0,0,1,0,0.00,0.00,0.00,0.00,0.00,Matches
162,Guilherme Liberato,br BRA,MF,Moreirense,25-064,2001,2,2,119,1.3,0,0,0,0,0,0,1,0,0.00,0.00,0.00,0.00,0.00,Matches
163,Leonardo Linck,br BRA,GK,Estrela,25-169,2001,2,2,180,2.0,0,0,0,0,0,0,0,0,0.00,0.00,0.00,0.00,0.00,Matches
164,Yan Lincon,br BRA,FW,Moreirense,23-340,2002,1,0,16,0.2,0,0,0,0,0,0,0,0,0.00,0.00,0.00,0.00,0.00,Matches
165,Liziero,br BRA,MF,Nacional,28-193,1998,2,2,180,2.0,1,0,1,0,1,1,0,0,0.50,0.00,0.50,0.00,0.00,Matches
166,Julien Lomboto,,MF,Rio Ave,24-098,2002,1,0,15,0.2,0,0,0,0,0,0,0,0,0.00,0.00,0.00,0.00,0.00,Matches
167,Tom van de Looi,nl NED,MF,Famalicão,27-048,1999,2,2,180,2.0,0,0,0,0,0,0,0,0,0.00,0.00,0.00,0.00,0.00,Matches
168,Beni Loussakou Souza,fr FRA,FW,Estrela,22-363,2003,2,0,44,0.5,0,0,0,0,0,0,1,0,0.00,0.00,0.00,0.00,0.00,Matches
169,Lucão,br BRA,GK,Gil Vicente FC,25-174,2001,1,1,90,1.0,0,0,0,0,0,0,1,0,0.00,0.00,0.00,0.00,0.00,Matches
170,Rayan Lucas,br BRA,MF,Alverca,21-228,2005,1,0,32,0.4,0,1,1,0,0,0,0,0,0.00,2.81,2.81,0.00,2.81,Matches
171,Ian Luccas,br BRA,MF,Alverca,23-189,2003,2,2,155,1.7,1,0,1,1,0,0,0,0,0.58,0.00,0.58,0.58,0.58,Matches
172,Dodi Lukebakio,be BEL,"FW,MF",Benfica,28-329,1997,2,0,28,0.3,0,0,0,0,0,0,0,0,0.00,0.00,0.00,0.00,0.00,Matches
173,Miguel Maga,pt POR,DF,Vit. Guimarães,23-276,2002,2,2,113,1.3,0,0,0,0,0,0,0,0,0.00,0.00,0.00,0.00,0.00,Matches
174,Gustavo Mancha,br BRA,DF,Rio Ave,22-025,2004,2,2,180,2.0,0,0,0,0,0,0,0,0,0.00,0.00,0.00,0.00,0.00,Matches
175,Brian Mansilla,uy URU,FW,Arouca,24-097,2002,1,0,19,0.2,0,0,0,0,0,0,0,0,0.00,0.00,0.00,0.00,0.00,Matches
Rk,Player,Nation,Pos,Squad,Age,Born,MP,Starts,Min,90s,Gls,Ast,G+A,G-PK,PK,PKatt,CrdY,CrdR,Gls,Ast,G+A,G-PK,G+A-PK,Matches
176,Manuel Manu,pt POR,DF,Benfica,25-068,2001,1,0,32,0.4,0,0,0,0,0,0,0,0,0.00,0.00,0.00,0.00,0.00,Matches
177,Maracás,br BRA,DF,Moreirense,32-114,1994,1,1,90,1.0,0,0,0,0,0,0,1,0,0.00,0.00,0.00,0.00,0.00,Matches
178,Abraham Marcus,ng NGA,"MF,FW",Estrela,26-229,2000,2,2,178,2.0,1,0,1,1,0,0,0,0,0.51,0.00,0.51,0.51,0.51,Matches
179,Renato Marin,it ITA,GK,Nacional,20-040,2006,2,2,180,2.0,0,0,0,0,0,0,0,0,0.00,0.00,0.00,0.00,0.00,Matches
180,Gil Martins,pt POR,MF,Gil Vicente FC,20-099,2006,1,1,76,0.8,0,0,0,0,0,0,0,0,0.00,0.00,0.00,0.00,0.00,Matches
181,Fernando Medrano,es ESP,DF,Estoril,26-146,2000,2,2,164,1.8,0,0,0,0,0,0,0,0,0.00,0.00,0.00,0.00,0.00,Matches
182,João Mendes,pt POR,DF,Vit. Guimarães,26-128,2000,2,2,180,2.0,0,0,0,0,0,0,0,0,0.00,0.00,0.00,0.00,0.00,Matches
183,Matheus Mendes,br BRA,GK,Alverca,27-162,1999,2,2,180,2.0,0,0,0,0,0,0,1,0,0.00,0.00,0.00,0.00,0.00,Matches
184,Samy Merheg,lb LIB,FW,Alverca,19-256,2006,2,0,39,0.4,0,0,0,0,0,0,0,0,0.00,0.00,0.00,0.00,0.00,Matches
185,Soufiane Messeguem,de GER,MF,Acad. Viseu,25-195,2001,2,2,180,2.0,0,0,0,0,0,0,0,0,0.00,0.00,0.00,0.00,0.00,Matches
186,Alejandro Mestanza,es ESP,MF,Acad. Viseu,21-255,2004,2,2,152,1.7,0,0,0,0,0,0,1,0,0.00,0.00,0.00,0.00,0.00,Matches
187,Bastien Meupiyou,fr FRA,DF,Alverca,20-153,2006,2,2,172,1.9,0,0,0,0,0,0,0,0,0.00,0.00,0.00,0.00,0.00,Matches
188,Leny Meyer,ch SUI,DF,Famalicão,22-049,2004,1,0,45,0.5,0,0,0,0,0,0,0,0,0.00,0.00,0.00,0.00,0.00,Matches
189,Nikolaos Michelis,gr GRE,DF,Acad. Viseu,25-149,2001,1,0,45,0.5,0,0,0,0,0,0,0,0,0.00,0.00,0.00,0.00,0.00,Matches
190,Igor Milioransa,br BRA,DF,Acad. Viseu,29-341,1996,2,2,135,1.5,0,0,0,0,0,0,1,0,0.00,0.00,0.00,0.00,0.00,Matches
191,Lucas Mincarelli,fr FRA,DF,Estrela,22-226,2004,1,0,1,0.0,0,0,0,0,0,0,0,0,0.00,0.00,0.00,0.00,0.00,Matches
192,Matija Mitrovic,rs SRB,MF,Vit. Guimarães,21-250,2004,1,0,13,0.1,0,0,0,0,0,0,1,0,0.00,0.00,0.00,0.00,0.00,Matches
193,Diogo Monteiro,pt POR,DF,Arouca,21-203,2005,1,0,17,0.2,0,0,0,0,0,0,2,1,0.00,0.00,0.00,0.00,0.00,Matches
194,Kevyn Monteiro,br BRA,DF,Moreirense,20-340,2005,1,1,90,1.0,0,0,0,0,0,0,1,0,0.00,0.00,0.00,0.00,0.00,Matches
195,Rodrigo Mora,pt POR,MF,Porto,19-106,2007,1,0,16,0.2,0,0,0,0,0,0,0,0,0.00,0.00,0.00,0.00,0.00,Matches
196,David Moreira,,DF,Gil Vicente FC,22-123,2004,1,0,46,0.5,0,0,0,0,0,0,0,0,0.00,0.00,0.00,0.00,0.00,Matches
197,Paulo Moreira,pt POR,MF,Famalicão,26-183,2000,1,1,45,0.5,0,0,0,0,0,0,0,0,0.00,0.00,0.00,0.00,0.00,Matches
198,Vasco Moreira,pt POR,MF,Alverca,25-104,2001,1,0,8,0.1,0,0,0,0,0,0,0,0,0.00,0.00,0.00,0.00,0.00,Matches
199,João Moutinho,pt POR,MF,Braga,39-345,1986,1,0,1,0.0,0,0,0,0,0,0,0,0,0.00,0.00,0.00,0.00,0.00,Matches
200,Dylan Nandín,uy URU,FW,Arouca,24-172,2002,2,0,58,0.6,1,0,1,1,0,0,1,0,1.55,0.00,1.55,1.55,1.55,Matches
Rk,Player,Nation,Pos,Squad,Age,Born,MP,Starts,Min,90s,Gls,Ast,G+A,G-PK,PK,PKatt,CrdY,CrdR,Gls,Ast,G+A,G-PK,G+A-PK,Matches
201,Diogo Nascimento,pt POR,MF,Rio Ave,23-290,2002,2,2,164,1.8,0,0,0,0,0,0,0,0,0.00,0.00,0.00,0.00,0.00,Matches
202,Fran Navarro,es ESP,FW,Braga,28-197,1998,1,1,90,1.0,1,0,1,1,0,0,0,0,1.00,0.00,1.00,1.00,1.00,Matches
203,Alioune Ndoye,sn SEN,FW,Vit. Guimarães,24-318,2001,2,2,167,1.9,1,0,1,1,0,0,0,0,0.54,0.00,0.54,0.54,0.54,Matches
204,Tamás Nikitscher,hu HUN,MF,Rio Ave,26-289,1999,2,1,131,1.5,0,0,0,0,0,0,0,0,0.00,0.00,0.00,0.00,0.00,Matches
205,Gonçalo Nogueira,pt POR,MF,Vit. Guimarães,22-234,2003,2,2,152,1.7,0,0,0,0,0,0,0,0,0.00,0.00,0.00,0.00,0.00,Matches
206,João Nogueira,pt POR,MF,Vit. Guimarães,21-173,2005,2,0,58,0.6,0,1,1,0,0,0,1,0,0.00,1.55,1.55,0.00,1.55,Matches
207,Andreas Ntoi,gr GRE,MF,Rio Ave,23-198,2003,1,1,46,0.5,0,0,0,0,0,0,0,1,0.00,0.00,0.00,0.00,0.00,Matches
208,Lawrence Ofori,gh GHA,MF,Casa Pia,28-052,1998,2,2,180,2.0,0,0,0,0,0,0,0,0,0.00,0.00,0.00,0.00,0.00,Matches
209,Jandro Orellana,es ESP,MF,Estoril,26-012,2000,2,0,14,0.2,0,0,0,0,0,0,0,0,0.00,0.00,0.00,0.00,0.00,Matches
210,Korede Osundina,us USA,FW,Casa Pia,22-187,2004,2,1,97,1.1,0,0,0,0,0,0,0,0,0.00,0.00,0.00,0.00,0.00,Matches
211,Patrick Ouotro,ci CIV,FW,Vit. Guimarães,20-340,2005,1,0,3,0.0,0,0,0,0,0,0,0,0,0.00,0.00,0.00,0.00,0.00,Matches
212,Pablo,br BRA,FW,Nacional,23-199,2003,2,2,177,2.0,0,0,0,0,0,0,0,0,0.00,0.00,0.00,0.00,0.00,Matches
213,Pedro Pacheco,pt POR,DF,Santa Clara,29-204,1997,2,2,180,2.0,0,0,0,0,0,0,1,0,0.00,0.00,0.00,0.00,0.00,Matches
214,Gonçalo Paciência,pt POR,FW,Santa Clara,32-018,1994,2,2,152,1.7,3,0,3,2,1,1,0,0,1.78,0.00,1.78,1.18,1.18,Matches
215,Alexandre Parsemain,mq MTQ,FW,Moreirense,23-084,2003,2,2,180,2.0,0,1,1,0,0,0,0,0,0.00,0.50,0.50,0.00,0.50,Matches
216,Alfonso Pastor,es ESP,GK,Marítimo,25-319,2000,2,2,180,2.0,0,0,0,0,0,0,0,0,0.00,0.00,0.00,0.00,0.00,Matches
217,Luan Patrick,br BRA,DF,Estrela,24-211,2002,2,2,180,2.0,0,0,0,0,0,0,1,0,0.00,0.00,0.00,0.00,0.00,Matches
218,Vangelis Pavlidis,gr GRE,FW,Benfica,27-271,1998,2,2,148,1.6,4,1,5,4,0,0,0,0,2.43,0.61,03.04,2.43,03.04,Matches
219,Emerson Pedro Vanga,fr FRA,MF,Estrela,20-189,2006,1,0,27,0.3,0,0,0,0,0,0,1,0,0.00,0.00,0.00,0.00,0.00,Matches
220,Pepê,br BRA,FW,Porto,29-176,1997,2,2,178,2.0,0,0,0,0,0,0,0,0,0.00,0.00,0.00,0.00,0.00,Matches
221,Gabi Pereira,pt POR,MF,Casa Pia,26-123,2000,2,2,135,1.5,0,0,0,0,0,0,0,0,0.00,0.00,0.00,0.00,0.00,Matches
222,Rúben Pereira,pt POR,DF,Acad. Viseu,28-122,1998,2,2,117,1.3,1,0,1,1,0,0,1,0,0.77,0.00,0.77,0.77,0.77,Matches
223,Nehuén Pérez,ar ARG,DF,Porto,26-056,2000,2,1,86,1.0,1,0,1,1,0,0,0,0,01.05,0.00,01.05,01.05,01.05,Matches
224,Sebastián Pérez,co COL,MF,Casa Pia,33-143,1993,2,2,142,1.6,0,0,0,0,0,0,1,0,0.00,0.00,0.00,0.00,0.00,Matches
225,Francisco Petrasso,ar ARG,DF,Rio Ave,24-172,2002,2,2,165,1.8,0,0,0,0,0,0,0,0,0.00,0.00,0.00,0.00,0.00,Matches
Rk,Player,Nation,Pos,Squad,Age,Born,MP,Starts,Min,90s,Gls,Ast,G+A,G-PK,PK,PKatt,CrdY,CrdR,Gls,Ast,G+A,G-PK,G+A-PK,Matches
226,Rodrigo Pinheiro,pt POR,DF,Famalicão,23-356,2002,2,2,180,2.0,0,0,0,0,0,0,1,0,0.00,0.00,0.00,0.00,0.00,Matches
227,Dinis Pinto,pt POR,DF,Moreirense,25-360,2000,1,0,45,0.5,0,0,0,0,0,0,0,0,0.00,0.00,0.00,0.00,0.00,Matches
228,Gianluca Prestianni,ar ARG,MF,Benfica,20-200,2006,2,2,171,1.9,2,1,3,2,0,0,0,0,01.05,0.53,1.58,01.05,1.58,Matches
229,Kevin Prieto,uy URU,FW,Casa Pia,23-053,2003,2,1,83,0.9,0,0,0,0,0,0,0,0,0.00,0.00,0.00,0.00,0.00,Matches
230,Eduardo Quaresma,pt POR,DF,Sporting CP,24-170,2002,2,2,180,2.0,0,0,0,0,0,0,1,0,0.00,0.00,0.00,0.00,0.00,Matches
231,Leonardo Realpe,ec ECU,DF,Famalicão,25-174,2001,2,2,180,2.0,0,0,0,0,0,0,0,0,0.00,0.00,0.00,0.00,0.00,Matches
232,Francisco Reis Ferreira,pt POR,DF,Estoril,29-146,1997,2,2,180,2.0,0,0,0,0,0,0,1,0,0.00,0.00,0.00,0.00,0.00,Matches
233,Tiago Ribeiro,pt POR,MF,Santa Clara,24-158,2002,2,0,36,0.4,0,0,0,0,0,0,0,0,0.00,0.00,0.00,0.00,0.00,Matches
234,Rildo,br BRA,MF,Santa Clara,26-210,2000,1,0,12,0.1,0,0,0,0,0,0,0,0,0.00,0.00,0.00,0.00,0.00,Matches
235,Richard Ríos,co COL,MF,Benfica,26-078,2000,2,0,39,0.4,0,0,0,0,0,0,0,0,0.00,0.00,0.00,0.00,0.00,Matches
236,Óscar Rivas,es ESP,DF,Vit. Guimarães,26-145,2000,2,2,180,2.0,0,0,0,0,0,0,1,0,0.00,0.00,0.00,0.00,0.00,Matches
237,Robinho,br BRA,MF,Estrela,24-012,2002,2,1,89,1.0,0,0,0,0,0,0,0,0,0.00,0.00,0.00,0.00,0.00,Matches
238,Joel Robles,es ESP,GK,Estoril,36-063,1990,2,2,180,2.0,0,0,0,0,0,0,0,0,0.00,0.00,0.00,0.00,0.00,Matches
239,Rochinha,pt POR,FW,Casa Pia,31-108,1995,2,2,166,1.8,0,0,0,0,0,0,0,0,0.00,0.00,0.00,0.00,0.00,Matches
240,Rodri,es ESP,MF,Moreirense,23-227,2003,2,2,137,1.5,0,0,0,0,0,0,0,0,0.00,0.00,0.00,0.00,0.00,Matches
241,Guilherme Romão,br BRA,DF,Santa Clara,28-316,1997,2,2,180,2.0,0,0,0,0,0,0,1,0,0.00,0.00,0.00,0.00,0.00,Matches
242,Pablo Rosario,do DOM,MF,Porto,29-224,1997,2,1,123,1.4,0,0,0,0,0,0,0,0,0.00,0.00,0.00,0.00,0.00,Matches
243,Pedro Rosas,pt POR,DF,Casa Pia,25-264,2000,2,0,39,0.4,0,0,0,0,0,0,0,0,0.00,0.00,0.00,0.00,0.00,Matches
244,Borja Sainz,es ESP,"FW,MF",Porto,25-199,2001,2,0,58,0.6,1,0,1,1,0,0,0,0,1.55,0.00,1.55,1.55,1.55,Matches
245,Samu,pt POR,MF,Vit. Guimarães,30-120,1996,2,2,177,2.0,1,0,1,1,0,0,0,0,0.51,0.00,0.51,0.51,0.51,Matches
246,Javi Sánchez,es ESP,DF,Arouca,29-158,1997,2,2,162,1.8,0,0,0,0,0,0,1,0,0.00,0.00,0.00,0.00,0.00,Matches
247,Ricard Sánchez,es ESP,DF,Estoril,26-178,2000,2,2,139,1.5,0,0,0,0,0,0,1,0,0.00,0.00,0.00,0.00,0.00,Matches
248,Yellu Santiago,es ESP,MF,Marítimo,22-086,2004,1,0,1,0.0,0,0,0,0,0,0,0,0,0.00,0.00,0.00,0.00,0.00,Matches
249,Hiago Santos,br BRA,MF,Santa Clara,22-185,2004,1,0,10,0.1,0,0,0,0,0,0,0,0,0.00,0.00,0.00,0.00,0.00,Matches
250,Leandro Santos,pt POR,DF,Moreirense,20-325,2005,2,2,174,1.9,0,0,0,0,0,0,1,0,0.00,0.00,0.00,0.00,0.00,Matches
Rk,Player,Nation,Pos,Squad,Age,Born,MP,Starts,Min,90s,Gls,Ast,G+A,G-PK,PK,PKatt,CrdY,CrdR,Gls,Ast,G+A,G-PK,G+A-PK,Matches
251,Léo Santos,br BRA,DF,Nacional,27-253,1998,2,2,180,2.0,1,1,2,1,0,0,0,0,0.50,0.50,1.00,0.50,1.00,Matches
252,Pedro Santos,pt POR,MF,Arouca,25-311,2000,2,0,33,0.4,0,0,0,0,0,0,0,0,0.00,0.00,0.00,0.00,0.00,Matches
253,Pedro Santos,pt POR,MF,Famalicão,23-190,2003,2,1,110,1.2,0,0,0,0,0,0,0,0,0.00,0.00,0.00,0.00,0.00,Matches
254,Zaidu Sanusi,ng NGA,DF,Porto,29-067,1997,2,2,180,2.0,0,0,0,0,0,0,0,0,0.00,0.00,0.00,0.00,0.00,Matches
255,Bernardo Schappo,br BRA,DF,Estrela,27-150,1999,1,1,90,1.0,0,0,0,0,0,0,0,0,0.00,0.00,0.00,0.00,0.00,Matches
256,Andreas Schjelderup,no NOR,"FW,MF",Benfica,22-079,2004,2,0,59,0.7,0,0,0,0,0,0,0,0,0.00,0.00,0.00,0.00,0.00,Matches
257,Max Scholze,de GER,DF,Estrela,21-111,2005,2,1,100,1.1,0,0,0,0,0,0,0,0,0.00,0.00,0.00,0.00,0.00,Matches
258,Andreas Sejr Lausen,dk DEN,MF,Gil Vicente FC,23-308,2002,1,1,75,0.8,0,0,0,0,0,0,0,0,0.00,0.00,0.00,0.00,0.00,Matches
259,Vivaldo Semedo,pt POR,FW,Alverca,21-203,2005,2,2,141,1.6,1,0,1,1,0,0,1,0,0.64,0.00,0.64,0.64,0.64,Matches
260,Santiago Serra,pt POR,MF,Estrela,19-208,2007,1,1,64,0.7,0,0,0,0,0,0,0,0,0.00,0.00,0.00,0.00,0.00,Matches
261,Sidney,br BRA,DF,Santa Clara,29-214,1997,1,1,90,1.0,0,0,0,0,0,0,0,0,0.00,0.00,0.00,0.00,0.00,Matches
262,Ismael Sierra,es ESP,DF,Estoril,23-155,2003,2,2,180,2.0,0,0,0,0,0,0,1,0,0.00,0.00,0.00,0.00,0.00,Matches
263,André Silva,pt POR,FW,Porto,30-286,1995,2,1,102,1.1,1,0,1,0,1,1,0,0,0.88,0.00,0.88,0.00,0.00,Matches
264,Gustavo da Silva,br BRA,MF,Vit. Guimarães,27-079,1999,2,2,179,2.0,0,0,0,0,0,0,1,0,0.00,0.00,0.00,0.00,0.00,Matches
265,Joel silva,pt POR,MF,Nacional,23-189,2003,2,1,63,0.7,0,0,0,0,0,0,0,0,0.00,0.00,0.00,0.00,0.00,Matches
266,José Silva,pt POR,DF,Gil Vicente FC,20-364,2005,1,0,26,0.3,0,0,0,0,0,0,0,0,0.00,0.00,0.00,0.00,0.00,Matches
267,Rafa Silva,pt POR,MF,Benfica,33-094,1993,2,2,133,1.5,1,0,1,1,0,0,0,0,0.68,0.00,0.68,0.68,0.68,Matches
268,Rui Silva,pt POR,GK,Sporting CP,32-193,1994,2,2,180,2.0,0,0,0,0,0,0,0,0,0.00,0.00,0.00,0.00,0.00,Matches
269,Filipe Soares,pt POR,MF,Nacional,27-091,1999,2,1,120,1.3,0,0,0,0,0,0,2,0,0.00,0.00,0.00,0.00,0.00,Matches
270,Lucas Soares,br BRA,MF,Santa Clara,28-107,1998,1,0,6,0.1,0,0,0,0,0,0,0,0,0.00,0.00,0.00,0.00,0.00,Matches
271,Rafa Soares,pt POR,DF,Estrela,31-102,1995,2,2,179,2.0,0,2,2,0,0,0,0,0,0.00,01.01,01.01,0.00,01.01,Matches
272,Samuel Soares,pt POR,GK,Benfica,24-065,2002,2,2,180,2.0,0,0,0,0,0,0,0,0,0.00,0.00,0.00,0.00,0.00,Matches
273,Sorriso,br BRA,MF,Santa Clara,20-126,2006,2,2,141,1.6,0,0,0,0,0,0,1,0,0.00,0.00,0.00,0.00,0.00,Matches
274,David Sousa,br BRA,DF,Casa Pia,25-046,2001,2,2,180,2.0,0,0,0,0,0,0,1,0,0.00,0.00,0.00,0.00,0.00,Matches
275,Dario Špikić,hr CRO,MF,Rio Ave,27-150,1999,2,0,40,0.4,0,0,0,0,0,0,0,0,0.00,0.00,0.00,0.00,0.00,Matches
Rk,Player,Nation,Pos,Squad,Age,Born,MP,Starts,Min,90s,Gls,Ast,G+A,G-PK,PK,PKatt,CrdY,CrdR,Gls,Ast,G+A,G-PK,G+A-PK,Matches
276,Dominik Steczyk,pl POL,"FW,MF",Acad. Viseu,27-107,1999,2,0,38,0.4,0,0,0,0,0,0,0,0,0.00,0.00,0.00,0.00,0.00,Matches
277,Mateja Stjepanović,rs SRB,MF,Moreirense,22-180,2004,2,0,35,0.4,0,0,0,0,0,0,0,0,0.00,0.00,0.00,0.00,0.00,Matches
278,Ianis Stoica,ro ROU,"MF,FW",Estrela,23-254,2002,2,2,136,1.5,0,1,1,0,0,0,0,0,0.00,0.66,0.66,0.00,0.66,Matches
279,Tony Strata,ro ROU,DF,Vit. Guimarães,21-346,2004,2,0,67,0.7,0,1,1,0,0,0,0,0,0.00,1.34,1.34,0.00,1.34,Matches
280,Luis Suárez,co COL,FW,Sporting CP,28-260,1997,2,0,55,0.6,0,0,0,0,0,0,1,0,0.00,0.00,0.00,0.00,0.00,Matches
281,Heorhiy Sudakov,ua UKR,MF,Benfica,23-352,2002,2,2,140,1.6,0,0,0,0,0,0,1,0,0.00,0.00,0.00,0.00,0.00,Matches
282,Gábor Szalai,hu HUN,DF,Marítimo,26-071,2000,2,0,4,0.0,0,0,0,0,0,0,0,0,0.00,0.00,0.00,0.00,0.00,Matches
283,Tamás Szűcs,hu HUN,MF,Famalicão,21-215,2005,1,0,25,0.3,0,0,0,0,0,0,0,0,0.00,0.00,0.00,0.00,0.00,Matches
284,Tamble,gw GNB,FW,Rio Ave,25-277,2000,2,1,139,1.5,0,0,0,0,0,0,0,0,0.00,0.00,0.00,0.00,0.00,Matches
285,José Tavares,,MF,Santa Clara,23-078,2003,2,2,144,1.6,0,0,0,0,0,0,0,0,0.00,0.00,0.00,0.00,0.00,Matches
286,Tomás Tavares,pt POR,DF,Marítimo,25-165,2001,2,0,15,0.2,0,0,0,0,0,0,1,0,0.00,0.00,0.00,0.00,0.00,Matches
287,Martín Tejón,es ESP,"MF,FW",Marítimo,22-129,2004,2,2,158,1.8,0,1,1,0,0,0,0,0,0.00,0.57,0.57,0.00,0.57,Matches
288,Welinton Torrão,br BRA,MF,Santa Clara,27-050,1999,2,0,36,0.4,0,0,0,0,0,0,0,0,0.00,0.00,0.00,0.00,0.00,Matches
289,Nabil Touaizi,ma MAR,MF,Alverca,25-199,2001,2,2,180,2.0,0,0,0,0,0,0,1,0,0.00,0.00,0.00,0.00,0.00,Matches
290,Diogo Travassos,pt POR,MF,Braga,22-141,2004,1,1,45,0.5,0,0,0,0,0,0,1,0,0.00,0.00,0.00,0.00,0.00,Matches
291,Alfonso Trezza,uy URU,MF,Arouca,27-058,1999,2,2,161,1.8,0,0,0,0,0,0,0,0,0.00,0.00,0.00,0.00,0.00,Matches
292,Antef Tsoungui,be BEL,MF,Estoril,23-232,2002,2,2,170,1.9,0,0,0,0,0,0,0,0,0.00,0.00,0.00,0.00,0.00,Matches
293,Georgios Vagiannidis,gr GRE,DF,Sporting CP,24-341,2001,2,2,159,1.8,0,0,0,0,0,0,0,0,0.00,0.00,0.00,0.00,0.00,Matches
294,Alan Varela,ar ARG,MF,Porto,25-046,2001,1,1,57,0.6,0,0,0,0,0,0,0,0,0.00,0.00,0.00,0.00,0.00,Matches
295,Gabriel Veiga,es ESP,MF,Porto,24-084,2002,2,2,143,1.6,1,1,2,0,1,1,0,0,0.63,0.63,1.26,0.00,0.63,Matches
296,João Veloso,pt POR,MF,Moreirense,21-054,2005,2,0,69,0.8,1,0,1,1,0,0,0,0,1.30,0.00,1.30,1.30,1.30,Matches
297,Santiago Verdi,pt POR,DF,Vit. Guimarães,18-106,2008,1,0,15,0.2,0,0,0,0,0,0,0,0,0.00,0.00,0.00,0.00,0.00,Matches
298,Pau Victor,es ESP,FW,Braga,24-266,2001,1,0,34,0.4,1,0,1,1,0,0,1,0,2.65,0.00,2.65,2.65,2.65,Matches
299,Afonso Vieira,pt POR,"MF,FW",Moreirense,19-219,2007,2,2,103,1.1,0,0,0,0,0,0,0,0,0.00,0.00,0.00,0.00,0.00,Matches
300,Gabriel Vieira,br BRA,MF,Braga,24-150,2002,1,1,90,1.0,0,0,0,0,0,0,0,0,0.00,0.00,0.00,0.00,0.00,Matches
Rk,Player,Nation,Pos,Squad,Age,Born,MP,Starts,Min,90s,Gls,Ast,G+A,G-PK,PK,PKatt,CrdY,CrdR,Gls,Ast,G+A,G-PK,G+A-PK,Matches
301,Robinho Vieira,pt POR,DF,Acad. Viseu,29-019,1997,2,2,180,2.0,0,1,1,0,0,0,0,0,0.00,0.50,0.50,0.00,0.50,Matches
302,Marcos Vinicios Sorriso,br BRA,MF,Famalicão,25-177,2001,2,2,160,1.8,0,0,0,0,0,0,0,0,0.00,0.00,0.00,0.00,0.00,Matches
303,Vinícius,br BRA,MF,Santa Clara,27-104,1999,2,2,144,1.6,0,0,0,0,0,0,1,0,0.00,0.00,0.00,0.00,0.00,Matches
304,Zé Vitor,br BRA,DF,Nacional,25-191,2001,2,2,180,2.0,1,0,1,1,0,0,0,0,0.50,0.00,0.50,0.50,0.50,Matches
305,Marious Vrousai,gr GRE,"DF,FW",Rio Ave,28-048,1998,2,0,25,0.3,0,0,0,0,0,0,0,0,0.00,0.00,0.00,0.00,0.00,Matches
306,Weverson,br BRA,DF,Gil Vicente FC,26-045,2000,1,1,18,0.2,0,0,0,0,0,0,0,0,0.00,0.00,0.00,0.00,0.00,Matches
307,Xeka,pt POR,MF,Estoril,31-282,1994,2,2,113,1.3,0,0,0,0,0,0,2,1,0.00,0.00,0.00,0.00,0.00,Matches
308,Rodrigo Zalazar,uy URU,MF,Sporting CP,27-007,1999,2,2,180,2.0,1,1,2,1,0,0,0,0,0.50,0.50,1.00,0.50,1.00,Matches
309,Álvaro Zamora,cr CRC,"MF,FW",Acad. Viseu,24-163,2002,2,2,146,1.6,0,0,0,0,0,0,0,0,0.00,0.00,0.00,0.00,0.00,Matches
310,Lovro Zvonarek,hr CRO,MF,Estrela,21-103,2005,2,2,180,2.0,0,0,0,0,0,0,0,0,0.00,0.00,0.00,0.00,0.00,Matches
311,Oliwier Zych,pl POL,GK,Vit. Guimarães,22-052,2004,2,2,180,2.0,0,0,0,0,0,0,0,0,0.00,0.00,0.00,0.00,0.00,Matches